userId,role,response
20eb2049227cd375b874af4cdd03788b,user,0
6809f8f655da55540bf011622af11327,user,0
6c52d53cd7a9eb718db4b67f29b7afab,user,0
09a5f63fb91c6463f0539fa08422e2f0,user,0
a1c0101d4c3b4a246e201900a0eba866,user,0
4e6ffddc711fc3bc6b8d918d5f25fdbd,user,0
2051e2914a7602188a9628e25600980b,user,0
e4096d1804f72a9c0ccbc8d625928f36,user,0
cf6e9113fccb0c53bdb9f13b9b9e3d32,supplier,0.6379450224165695
e3088e69717ba84151e2ad8ee6b1a748,user,0
a5b5593584cbbec115b278ec7d8e90da,supplier,0.19467164992429595
cf7d7c9b46469d06156cb307569f9628,user,0
032614d5b2d8b478d15f9c96ed346140,user,0
36909a9bd1d99cd2c46bb389c33e8a65,user,0
286d23c93efe7b4b31052d1c36c27441,user,0
1ba175611a5fb79c0c5241d45a57106d,user,0
6a2a31251eb72ec9195893522d00ef8c,user,0
cd0a181c90f2fae617c27699e61f575c,user,0
88dae93585e88af9dbc83aae7427fe13,designer,0.9754730724220544
d0e132c1e555458df2fb1d0a698d3011,supplier,0.4626697379181973
9fa70fdd18d1cc89d097c1907a54f0b8,user,0
c72844366a5a64feb247add7f7028c50,user,0
465f81ede52a2dc800571f9f2fe2c889,user,0
3a5a933f8634eddcd80b8cebc11078aa,user,0
4cda4d733bfe33cb82272edff7bcd435,user,0
837ba8d88eb6a1a065e3f53e7c68d7e8,user,0
75238b25a303655e4790f1db59c5d742,user,0
5a62abf55012cbaed5b8918ef6280af9,user,0
c95110eff342ad1203bcb7f7ae629150,user,0
03cf3898ccce1369adf6c4291a967fef,user,0
a9bff87cea51cb79cd8812e9574fe2a0,user,0
b3d9f2c252c341a09c5dd9ac8a1cd18c,user,0
5b2dd6196f2bf92a13719de604fdf3ca,user,0
3bb69014f2796f2424e62f9e98f8f64f,user,0
9a816a470ef4b6f2b10564bbb54fd48e,user,0
83b221783aa81a5c67835bfa1f374a22,user,0
a0d0edc16080fdb5e545eded0a901620,user,0
b4f4c88d353f0ad303c0a7a830fa4d9b,user,0
403073934a696048b3c0f40a4b44049f,user,0
45039f40082d976421ac826b80166e0b,user,0
722d8703c6cecf438fae346369ca22ce,user,0
6524cdda9e21d28cf05a0637bfdd08d5,user,0
4d3ee2daff488598683e41c15b330ef7,user,0
919e1c2212e9e15f8d4c47d932eaa5b7,user,0
edbffa11fc43eecc8083007f2d0c8665,user,0
7117dabd91672e0b3428c21510d97a18,user,0
79138186cd6b3918b70bdc56a4f87be8,user,0
23641acb8ef84d067a3d281ea3561c9f,user,0
2b63d2c7dd42e578c35cab4d3af12ae5,user,0
d524633f363a29f128d09df7fec573cd,designer,0.7993032612167632
5b53923a6783a4adcf02769a4a409acd,user,0
351e290328273e8cb663aec2e403d81a,designer,0.582268626818591
be761debc0c84f560c004f408faf383e,user,0
d8b8fbe91c41957c71d277d3930a1668,user,0
3285e2d5e6c7ff00d9070af539ee7723,user,0
15dab678690fad022651626d9ae568ad,user,0
705f5f0b7710f3f7060aa6ca72523d67,user,0
91a1fd0294047e19cd857739da71cfb4,supplier,0.5562172275394921
37e98a9faa5ea2e2fa2608c5598f03d2,user,0
553cf00a1ebb7354e52a4a1b83ca6d9e,user,0
9669e13736413d4b8fdb3a140234a2a7,user,0
2310fc5a1f69e5822ef14afd299249be,user,0
38f561d39327a6c92aa27cced7b79770,user,0
63b3f5ccd58f6f39ac3d3ada33272e99,user,0
b338894e36e48048c236e6c167e41bb6,user,0
09a3b8d7c25768996bb0145ebd0d97cf,user,0
25b18332dc6baa2f89f176b075e6d7bf,user,0
e48b5b39e6aef1094e95c6b4ed31ab43,user,0
e57b6d9028cfc4b060c46b96086dd5a8,user,0
ecbdcd52b69132eea09bf9ac5f58edf1,user,0
ecf75ad942ced4baefda744aa391c75b,user,0
ccd9ab772cd38a7aed412863c65dd845,user,0
4eef114eda53a1dedf4ea135cf33f00b,user,0
960195974d10b22b2edc5e7a44270062,user,0
4c94e75ddc5642b3f1ca24ba9bb88b38,user,0
c7701bded4380d6f8113f50596c7ef5b,user,0
3f607ae4b3971bc306eae222a059050a,user,0
9bc441aa7b81ee1751a86d1615ed47e8,user,0
425e661a3831f464750f95c74497ff3c,user,0
78155bb3927b0b1c233d33edc29f7e24,user,0
3512607acae69d8ff5785ba554cbb6cf,user,0
0622e4f245b7bc1fcd5fd72c0635e71d,user,0
7e451fecb6daceffd2f7a4454ea6975f,user,0
2872e665fc94e4f1682318cf789571bc,user,0
3620441abceb81726b9670db2aefc534,supplier,0.055502471551515775
6b5a15bdc312aca5b58197e31a42416d,user,0
b313179a4608c7684a13248f0ef4ed23,user,0
8a7769af3044ef47806d0653adba74da,user,0
583f2a833db44570bc6e77804dffd2c8,user,0
b28ddc14afc48b7b075f88c281131250,user,0
52fe727396254b218ddd9b74876e65f6,user,0
c81ca061a9b1cf170843dbad2c1d0b54,user,0
8ae68b53afd6319c0fe0b6c9ccb533e5,user,0
9987e617ae57cccb1eed2511d9bb90ad,user,0
85db21414fc03db251b2681f5fc27dd1,user,0
ded5d50d194e116e77f3297e4158b39d,user,0
0485407bde76b3add11279fff4293b56,supplier,0.5584774467264932
05480571f4d63e1d79a0b97fdff41af5,supplier,0.576733612802089
883ebb210601aa0375581b39208da4a4,user,0
4de566a1b9bed1ee379c5b543f7a0bf5,supplier,0.6270229958747682
1fa6b09ece55ddff5ec6f572e9658f0c,user,0
dc67cbd9326689632e4c0d6af0610664,user,0
26244364290a5762533baaaac1719f2b,user,0
d9f2d7930fd598694580c2be0f8fe7e0,user,0
ae50e1de56a62a3ddf746fae18fcbee6,user,0
a810517e60d5178b9c62a39f61da8145,user,0
8a7cb1700ab3c9cbc43c0b02b4bbc36a,user,0
1d884b18c5458e2b69fb87421ce8729e,user,0
deb6c0d3117db00d64c5d4ff0335cd88,user,0
0e996ff1d72287b08400b395cd2573b4,designer,0.671577177740533
8a0b58428c5dadf5b3ddd5e5e9f26a09,supplier,0.7202840517392676
f7abdfb04738ee698e9f1a0dac7ad8b2,user,0
87582ca2b1a85208d6cf8415fc194e48,user,0
1469b02860f12c7a898f7329e039c601,user,0
cbc1f7524569ff5c92f398d3b78e0aab,user,0
b5532996baef68ae692c59ae6b02d047,user,0
bbf7a54dba30b3dc3ad6fa4f31be08fe,user,0
5ce2c1d6a0944f2c1eeeb1e265ae8c85,user,0
726aa9010fa460fb04c44cde27c9d837,user,0
2961e601d8adbb172532abf2e91feec8,user,0
6932817cea4770c41579522c0ca1567a,user,0
d1543a06d2160335e98495b3f55d767a,designer,0.9376826823103668
352a60c01a70573ae75f9c0e451d627a,user,0
8154ad7cc865b2264c59a70fcf512e81,user,0
ed08a3d9abd84ed1343e46e995094759,user,0
92df448e35c8e2c67bf7359b9d0c3bb1,user,0
03c278ef23f99e9f9c9b443d2897afb5,user,0
c14dc909b38ae6f8e9e2e214f110afea,user,0
dbd4e372d24eff03b35a8ceeac4f1929,designer,0.628351129093557
d3a8cfeacc09df2d2d15c95132aa0b65,user,0
d657932c390bd1b6fe8dbed7c1809b2b,user,0
cbcdf2f6bbae09a9c4e0e486d0e3e275,user,0
2b694a92735836d7a3d75c1517815e68,user,0
57af7306e50b049052d85ee7427b59de,user,0
8502a654fa45a7ee88b0ac8efee473b8,user,0
e6b9ad56bc67ff9c292fce130a8ed42b,user,0
3da6a2a35e486c69e053eeb80ddf5151,user,0
4af3800b634c467af683595408cea179,user,0
5eb74bb59cda92cf4f04d7ee3f36fe49,user,0
2a11f213a728daf1ba23f9773dfa77c3,supplier,0.546407536663852
1a8b4ac73829e5f7864fa8ae906651d8,user,0
40bd867f381b2c2fae73dcb7d2761c3b,user,0
a62b58ba969c314095dc0e4e47ce1ff4,user,0
4d2a9ccdb66a978e7cb40deb49ebd77e,user,0
b66b5f3f397101f384de0dc84f097271,user,0
65e71c38409d28fbc1855722f40fa430,user,0
13377750b2af5f1c9f6f713a4dc753e4,user,0
c0ca7561e556692f41067ede08f21491,user,0
412822a149963eccf18f491999a11a1a,user,0
c9a2f90bf8cdd97729f78141c5e4a721,user,0
2f5813852ae8c610bd9066f17660d897,user,0
16e96c637095951a812d9d0d4f24b3d3,user,0
631df3c048b5987dcd8b74835269af85,user,0
f0cf775100b38505a209cc4c8e63dabd,user,0
38f7748f56410b963140b3d2d5419621,user,0
7a5097fbec19d0be65d4f6f4830d7406,user,0
5da8d143eec600a8c24a6695ae881649,user,0
f8ba9528ef4d9fa4a4a4b4c36799801e,user,0
b2c97f92a59e97edc1e429103a291fcb,user,0
cc19690621fd56d22c70e45b9b336c47,user,0
9fec7e230a9a32039e59a659e5d0043a,user,0
faf48546bb5125dbfb3f2aca19a20c58,user,0
f70e97d9cba417a754139f62fa62cdb9,user,0
fc9765d901ccbe22593cb871448bbbfa,user,0
8457acbc900e0186c3584e85a1e4ef78,supplier,0.9865973024820701
7f2afe30a7272ac497f12db041927268,user,0
0ff435eef171f3f0ffa7b7a8158e5213,user,0
fadae5bd511a0c5fd1a879f9e5782f3b,user,0
b3eb22a6066df4f877ae569fa9fb2597,user,0
304707e99cc6be8bf7d214ec6ade11f4,user,0
9f31fef5bda2c2b2c005e87ec2ae484a,supplier,0.5329777611872989
280e349fe25aca518cbcc92d1f3a5223,user,0
ea19632422846e11584117ac985d1b2b,user,0
01808e722293456bda027844d1e0db7b,designer,0.6031924180398982
b6e998d6c74e91a45a754cd83bd7e6d0,user,0
fa414ba37043467f42642df8da4b25d6,user,0
20577e8e5edf6589f689ad1a22732983,user,0
40ceda3f285391d1a825c587c4014e18,user,0
5d23e5f79c0e3096fd6ff549f0630312,user,0
4b1e5ef1db09d904cbc068a5782eea39,user,0
5448859a200c84f0b9f8a4436fc3e8bc,user,0
7a0f2d9b32105ffece86a0cb42060258,user,0
0a9c4171bcc179a3fc066289c91f9f0a,user,0
094e232a4d9e9fbe58067755e7382a37,user,0
e60e81641f11e69e7cb62aa61a33b14f,user,0
a6f5baebded04631d47941c072fcd639,user,0
458efce70a3ba9a5985d7ee1d76c1cf0,user,0
3ccabb6be3c167d40c5a078220ce2bb0,user,0
0d397619986746ed0685f191bfe45b2a,user,0
6d4d9dfa02b0537e30ed176a3d9ad484,user,0
ac7bf4c159e62a71c1f9ee1447c5471e,user,0
aabad92af8f88ef6266e78385732c649,user,0
41398c76882cfa961f292c5e5e61300a,user,0
cdde156ae93dd158da4b24173caf8603,supplier,0.6673921325504848
3c31787dc8c059811fa9eaa042b1106f,user,0
ac1cb852e6a85e32e25c807654aeaee6,user,0
bb2a9deb7a7284e16b7e9e7fa87f8e6c,user,0
69e3ca32839279c790e4359143934645,user,0
25b321d9dca5729281022bab82511bc2,user,0
585d6dffba11e28292a90bfbc6477682,supplier,0.5987760634198095
2b58d86e972ade0227868e3590f1367b,supplier,0.7936370773068147
3c319983bb97347dd318813ff66b57fd,user,0
387d88dd237263db5aa9cfc51df49c5f,user,0
789348a87f39431216e104ba47863dcb,user,0
f413af8eaea5d052276b599f32850318,designer,0.9401042759888697
170657caaf85ac3e6e7ad9e177a8024a,user,0
51632d80e0e326dfa725200a251311e8,user,0
37e64ce86617a7f67ca320f80c54dd2d,user,0
75531ba2a1720680d5c04366df4c1013,user,0
d4ad009e87dd549a95c2cb0a114aba1c,user,0
32568247decccc051d9f57542a93e714,user,0
10b4feef2ccc35f54ae889822dcfb442,user,0
5f94abc353a1edfc1f44d3272b0f25a8,user,0
d6022946138bcaad1e5535981fa26187,user,0
8c3ff3e9bf2030d3443863683c7a6e33,user,0
6defa3cd5ab986f6f634257e746f086c,designer,0.9041523689938845
50752e851515c66d242591422a8e035a,user,0
077be0a99a655434c501e58ac3de08d2,user,0
00f197dd0a7857a3ec6f301f45a007da,user,0
87c5ed572d67d5847920bbc463dcb8f7,user,0
67ee00f9aba389d7b31d22bdaec31ffa,user,0
75a29fd752709e357add7c5be6d9fd23,user,0
4055daa1bfc199aa77d13a24282d6cca,user,0
7f09533d14ec42bf57767d87b58cc631,user,0
af50101641c72eb881a9f3e40bc8c52d,user,0
339d38e69a75f3d91ecc634d89093442,user,0
d05c17aee26bfe62044fe372ec7d0740,user,0
c4ad64c80b4f51d0edf9aea8b87fe08e,user,0
02eee8d0bc4e6518e1f77b98c0dfaddd,user,0
74811c1c244223bed9e957f5add7f9d7,user,0
1e122248ab54d1b088012af400fe70bb,user,0
edcd752eeea4af3ed8eafe0068d9582c,designer,0.5110611453958624
2bd55a31d099b42c1727f562ebbbc499,user,0
0a1b610e33f2c97a6185948462ed7ce7,user,0
e47e0196e8325822d729454b3ca6de96,user,0
d72bce7dc01d553aeaf94cdbf87d0ddf,designer,0.6931545565032484
dbc110f55b45ab01312ade971bb8cefc,user,0
a8067243c515f13f08112ca18e1fbf06,user,0
5402c3051c36eac1f38d6b385caa633b,user,0
bc30cabb8b5a9bea891e598cc799a68e,designer,0.7479676124331993
9606357398a4d19c401d004e53085ed2,user,0
962a762bec31926969e66bc598c097aa,user,0
a68eaf0786eb628bd5cab4c79729c60a,user,0
3cd2e6e4190d406fdfec67daf1c75788,user,0
5c3e5231c33c87d0c2032d84ca86e829,supplier,0.9256322699519762
995e136813d85e51bfb5d70c71ce67da,designer,0.4720899547901067
4ea24e33a663cb043573d66af4963860,user,0
e9595be61e572bab7ec90559d69a09ef,user,0
a1a27734333d65f8b51133e8ef63b10a,user,0
05d1755d70c6cc061e718e57bbc5e88b,user,0
e43d184999d2cf5a8d180b7b1d6b22df,user,0
3f080ebb9a18f76acc79823ab98d9182,user,0
722e0de8195390459bf52031f1b7bdef,user,0
5be437d19c1bdfc872ee1225f8b6429b,user,0
c9b2f7fdc374578e8f9d7df8955191f7,supplier,0.9481586637322076
0cadce7456ee5cfaa2c8c533837aa242,user,0
b8705d99397ee6458e53514d29c2de63,user,0
a59b4470362fa7de1bbd82a9d04d05bb,designer,0.9875022423360309
cd8c645687e0fe4b9afa0a78ef346288,user,0
15cc0eb9ff46760da058119964f71326,user,0
80685b6d4f6e3b01b3565f97e04d73db,supplier,0.7272160741317163
606592087712ae4106125717560cba66,designer,0.7922211693448611
88a605cf04b395a8a3d2ab287a84833c,user,0
31ad1bbfe9d0349b28e21d9d0abf14ab,user,0
2b305b5b9d5404cdf00bccbd73156904,user,0
16579d09d4ca01625e8bcdcfd2cf7cf4,user,0
837649ff3c7aeba414a72b21220a14a4,user,0
8d037c6fd363aac4bcb815260437e9dc,user,0
6408e218816e7fa299a42f4671274531,user,0
36dc76fe4127a81c15cde001acf2b927,user,0
276e73fb0932317c94aca201f62d9307,user,0
bd2fd6eae9685351a6ad86cc933f306f,user,0
617e3f39e68a665b8632932fc15844f0,user,0
0173848acdd7573ffa0cfaff3d5502ab,user,0
69da38998d6aa5cddcf4d1e046d229ca,user,0
a93eadf3823b67002d5d97faf27c73b4,user,0
498f3a11760f58bc082244fd5ffd6648,designer,0.6442395812225694
7759273fe689af0d5564273211c6f351,user,0
324c53258e129bd2e10df6020357d24a,user,0
e00028e0c652a07d0b1ae28ae399268b,user,0
88ce4733c85f70549cd9978a5c9a6c0f,user,0
59555d96150e90e8c85cae498c5c92eb,user,0
593cd586dc3bf0468081945aa9c70116,user,0
e4fc08ae9fff0aefb0889090b174f39f,user,0
c22b9feeed389568d04e1e623192c029,user,0
e1781db004f21444cae9b50612f4b679,user,0
21b2a3f0be14bb198667e0008cc754ac,user,0
d76d0f979a041a44f1cfe0ff85d1b5f0,designer,0.5107550301152322
7f7921d019755be5bb852ce5659e9c9b,user,0
db44853d8d9222aea2a328338d11c907,supplier,0.5256878193617038
fa03a471f14234d833468e384001f96e,user,0
6369a3fd877d0bc3286191f90efff7fd,user,0
a60b8da3da7a315043a685255ed4be7f,user,0
c29305d849cacf796c05bc93353c2063,supplier,0.9068173159620377
d0dfcffe78fa4745e476bff7a355f3aa,user,0
b315a75f4f59d1629c67b893f07e48a0,user,0
ea4a7d3a3d6f53182abf5ab65599cb49,user,0
59b2a01aaf7449e1b3ae7b390e4ee67f,user,0
01665eadc390bbe1dc1bef4a26c98c4d,user,0
1f44a2573a829d0b3bd901d64669296f,user,0
06078b4b9dfa418947685ebb8fcecbd6,user,0
19ed53fe0a304bc786fd2e3dba6c88d4,user,0
46a9afa4250320aad80782abcc3e67bd,user,0
ad08bcf6df633ba3d09506d981986072,user,0
71ce48adb8c70367134e967cbb763cd2,supplier,0.09946609157785079
b97a9926a27e20f77bc6cecf047548d4,user,0
42c6fed193ce6ac71c0704f903025ba2,user,0
d8304dd657d4d521ab6a548b50c9c877,user,0
31f9e684904e8b4ef9751e9e59656377,user,0
0fc87aea694c7b3d8f7539cf9ac002ec,user,0
9905d3cb051ecf3037daa5cc0869960d,user,0
15a77e254a44c3af4cffaa956bd02d71,user,0
76427bf7368757e96d2fe6159ec0b77d,user,0
945fa502c4554332f765c5cc64ed0dca,user,0
fd474352da721e19a02d62948ccbd153,user,0
707a6b45eb1591ee9f6cd38bbff1b0f6,supplier,0.7908240129309947
79855dd0edbb59bd1d124b9f1a6e881d,user,0
7f3546c80be0ff3831f998f7e7c00f0e,user,0
b5e67a749e94a97548430c85c5de3df5,user,0
ff8a6da031512093cfe5b3152f3abd93,user,0
9904b66a4c2a7a3660d871ad9c8dc9a1,user,0
815fb46d04a921753b3002c0fd2d1fa1,user,0
0ea46724e7f90b5b42f57263ad71d500,user,0
8442cfecf059f54288d500959a3702ae,user,0
8fcebc43dbc7dc5f8133c2088cc5ac39,user,0
7b621ff362a59828567f4f39196ee0d9,user,0
3c2f1746bd5e32da45f425cdb850fe97,user,0
8b12da67c316fb0b5a208d5c08d0532f,user,0
0079242f4aea5b047c3a015334d7ffe7,user,0
ffae52d9f0ce8e8fbddd46e8a4ea670b,user,0
9c38aa02ae61964b4ef894017c7fa528,user,0
8ff5fd9472f66d494d40e75eda030c1f,user,0
e71a71039dfe65aa8cfd3c60f510945e,user,0
f0bbd5c335af420c0f8b4f23bba66e44,user,0
d2c8cd5799fde969490bd0380bedda05,user,0
b7c24cf9bc2e2d23369656902a8d80fe,user,0
cb05ab2fa611db96e2b81fee4359f1a5,user,0
82e0721caaab3127a003640cf4191db7,user,0
33d9ff78b81920a4dcd992870d06d0da,user,0
4550343a83b65452594b77f2e1669eb2,user,0
5983786e50b09af8a8b807a752cdbd08,user,0
dd042085020718e58904c76992dbc07f,user,0
c0224839afdd3c297d6f330fae4512d7,supplier,0.8074191907129546
5f8609e16f8150dd382a756a8618af15,user,0
f0759bde1e98f5283016a2be2dc5bf20,supplier,0.7130316688536252
7e084109e3d54022943d229ee7da05b1,user,0
8e9f70e7c79b38304ebed2ccaf429dd4,user,0
b69bb81466b74f3672a9760ea5d052c5,user,0
a9ad40cf37eda1c158ef6bcbd4c4cff7,user,0
ca953734d228b208e63baef47a1e14d5,user,0
2c0465de93996c690f03f6dbb763a8dc,user,0
2188d74832626f2f8e3b0918acc09ae5,supplier,0.6441424253401701
06c9e98c425b7d00d7273885e6eb650b,user,0
32308cd8c0f64944930d1f8b03bd711d,user,0
dc715c906262aee86875fb55fb6b1715,user,0
a02c4c63a0be194a314766a16ef7c70f,user,0
53b1ad718032d17b26de497fa61e1467,user,0
ed1f3c8278362ce1978e15debe800ff0,designer,0.5783979361539745
415296a92dd74976088cc4b2951b34ce,user,0
9a922fb242741b36c0676ab9fd32d75e,user,0
0daa7a719a378fcb6f15d1c9828a69bb,user,0
870b26a197d540ff73c6fd71aa8f2175,user,0
89b32c1f98860c930df3a8bfcb147d4c,user,0
be5437ca2a7bfc3d21ec77a67774f387,user,0
921a01ba178c8bea40158c199c5d4673,user,0
98177d0ad3c25996af9079dfbcfbdb69,user,0
a92a90c7e9ea304feeb7bebc626d5449,user,0
e961eb8a8cb8e1540c3045b1822dff46,user,0
5449e0648cf4f8d7ad6745c8bfe921d7,user,0
b745cb21d1d12d9034a9d0798ff8d992,user,0
0bab7b0f6328679a405c1f3eb2bd6dba,user,0
cf5ca8856560f107d8ddea98a10a5006,user,0
842e7a14aea8c776144e3161402ad430,user,0
62c6e6b047e09981f5c97fe05a98cdf8,user,0
0fcbdd96e9b54e8cd999383915c0058f,user,0
9ab42871c0ba6127625641908b5b74c8,user,0
706c287070cee4806d2116b57059b2f2,user,0
dd75a371658447ef59a4f146eaeb2d40,user,0
19c6797f912ec34f6bc819b0a2604280,user,0
3ca96e84c2a3f84eb39130cebad003ea,user,0
1804f6e25ac9aa953fcbce091288b937,supplier,0.7480271668219327
9012897ca02d84bf747938c3b903c688,user,0
9142386ce48f99dd07180c37078f7e3b,user,0
16fc95bf27866a613279a6063a2fd357,user,0
c6f0a24e1495ef02962d8eee78c7cc36,user,0
d1f6267ed188a35357cd57e2c2c813fe,user,0
15f11ea0cd520262b265ffab1300c908,user,0
51875f3e3a6c8cb8f2db2eb82414459e,user,0
7bf614310398cdc6d98324f909f2ad74,user,0
0db9a8e0be4e07ba2a24d9b31acccd9a,user,0
4aeb33cfd1c8175798e87fe27376bc50,user,0
33e25a44cdbeaab0e790739c9d114fab,user,0
37cb84b0e5925b792b7b86f1c48f7621,user,0
3bcc8fcb40c31154c82738812f07889b,user,0
c1ffc8fb01b1255b64fa7db9f06c7c03,supplier,0.6469033845678556
9a97c3568a9c4f26c6206f1ada99b050,user,0
54351082edad6a66ea49970122a5bba6,user,0
6bb342ee1bcf7ff555f8626bfbf412bb,user,0
28d88b879d06a333f50e6d0981b4892d,user,0
04ac58aa11d695b00d7e6ea9eff3484d,user,0
0e8efc5f11cc915865970dfa8c7ff64c,user,0
fce680fa21cee86a79dbe055ea41ea07,user,0
99925b3ebe0965cf07d43027f2418a59,user,0
4817d2006f832e2cb4db8de4812ae386,user,0
6fb109606433a62eaebb3411a464ef0a,user,0
0a6c4ee8a5fd3723985c8632c5e1f9ef,user,0
dddd5b42f8743c63d3c1f69322404c5c,user,0
aef5d98066441886777220423b209788,designer,0.9272922596167552
f7a1f51432c3c399ea90ac7599bc8963,user,0
1b7b1ec4854106cb8d8ec392bbae17a7,user,0
bdd3587b3a79ec6ea8aaec3025260d50,user,0
8b7308ee2cb56250a559adf05bdcb904,user,0
46c095dcd00bbcc20582cac1cf6d84cb,user,0
700ab7eaf0783f9e5ead0d83a4562aa4,user,0
d1727184b3e776bdc128b2baace915b1,user,0
a0fda1a8faf724f4cbfacf9b91cc0e3c,user,0
085f6d54a042def16f26e326a94d19fc,user,0
181d812f9934ab2e8da9d61a0c2804f7,user,0
75ac488e92b3fe0a25c8fd722079cf0d,user,0
2733509f28ed52c898777357014101f4,user,0
37873e4520a7a6cb97a4f6851e061ec9,user,0
6d603e096e76fde75a7636bba0625a90,user,0
a900fea8cf5697c9734e0a8a4f687f58,user,0
7b422d2285d63ba2b067a2d5a377dce9,user,0
0834d57af22d0586954490734406b1f0,user,0
c3753446206683c923dad364f216e3ae,user,0
c35fa958dc3bfebd567a642a5baf801a,user,0
27327a9a234c78e8187997ae5f7b0bc9,user,0
6e19cb91a712189d796e6029051409ed,user,0
1083c6f50a82e830a6a226abc46680e3,user,0
544f47fc5076f4cffd87e32ca8b51e33,user,0
c57fc933afe2ba513a828bf105d568ac,user,0
fd9b73f3ddc7a4b7087f1d474297b383,user,0
4060cd15a54901a83c66e370089bebe7,user,0
af8d86fd5193d3653b05747c88195b65,user,0
ca06ad099eeff49a6aa6673b2f2c855d,user,0
741f185de16e76e52c8bc5d419f2cf5f,user,0
3b42b40b913b10d3a045dea3633e8b81,user,0
59107f47171fba9fb3773d2196e80a3a,user,0
0e1773cd0c633e8e3bb2f719842fe7ce,user,0
6e183528abcc563045da3e9ddd703ad3,user,0
386365d6190db0f0d68971db4b906513,user,0
d4f5c2858db7a476fbe078d7b3b40371,user,0
4d1ad95a257d8c21151c2ec2ffebea8f,user,0
0db2af8b27c1adab8dd51ac3a556fecc,supplier,0.43315021203672416
81eef7e299f9302b1ba1c14530ecaa59,user,0
a0a1ab148bdd72f58dd124ef044302ab,user,0
b0a4c187df0e2961ff01eff1d8a53ea8,user,0
97bbaf4f14afe0124d07ebd0523e8b1e,user,0
03a401fabd57a2867fc12f91dea371c4,user,0
e2e637664815cdb86987090255a09c4e,user,0
023dbd91c24b7474ecd2831c73150d66,user,0
6b84745abf170bd8ec1a8d5463d634f8,user,0
7e26f91be9f39e32034f8e123815c7eb,user,0
3343f3a29df3263ec14ba79adbd00563,user,0
04ef7e9c1e8dc571891a36a07dd809d3,user,0
094d6d88c2061d75e59cd7d8150c5d22,user,0
cc54feb0199e9a2f2dcb86e6d2b11e1d,user,0
e0a987b8472d9e6b8845eddf989ec4f0,user,0
f63e1527b5ea4b917ff44f9599fa5de7,user,0
e2683c1a2e055bb6ec96e32f4839a83d,user,0
f5f3f2f82f20dd40212319b7c2ba8200,user,0
e913790d92c07fa60c3830a2f25e238f,user,0
9d9a976429765b1eeb55737fb0980882,user,0
2cce989b271e0408c598bc540b79f0f9,designer,0.024843743213386917
e6ae405ff21544b613ef339e440601a7,user,0
54fe9cac907473ba769909dd66dc3883,user,0
0577e280b4d7ce3bc6561a22bf818d43,user,0
c23e275649288bcf1db48960e5a3f011,user,0
4b39c6b42e3c33ab043fc2ec0cc029ff,user,0
83784670e1e40f41fbc3282299a0fa58,user,0
023f75dac4f8a852741a047f394ac75f,user,0
26f6ec49eccff9115fa6f2a691199a31,user,0
25ac0e5435f083e83203ec5e36ec01cc,user,0
9927b13d33ce42d7455b3ff0c6533244,user,0
159895d4e8944de0ca97e409a2bc67cc,supplier,0.9944543485580418
6999b06beff35520bc715bad408bb785,user,0
24e7b4c404b37064b2e0259beba76481,user,0
5b824b14fe748df078d5dda1c56913ba,user,0
d55ec39e9a3afbf4bdd0e825b8873874,user,0
2d9faafad051d8e060b7fa18d417495e,supplier,0.8753427148292268
98f1df949dd819538faaebfdeeaea892,user,0
872d398154b34626488d63a1291e8272,user,0
0d6be473d55b9fd02c94a7ed60c043ef,user,0
0a8c338c03cbcd7f341f276ad1f70be0,user,0
7b77835da1880e3370cf00c0e89e4169,user,0
a3ae8ad141545accdbf614984f57c5ae,user,0
6301192b0bbcf6535a3576c9e4c84355,user,0
a787cf987ee0f2e1e11d8f0833820108,supplier,0.7001819319088513
ea0c52b4193e34720bbef11441aceb4f,supplier,0.44852092851248043
ac01189d5ca84f2a99fab706c03ef46e,user,0
0149a350f42434aaf234661a53641f0b,user,0
f5a8d6cd811bcc77ce5f902786ca2a68,designer,0.6375179653187852
78a4b6d5f417d5c6edfb5d22ad156dbb,user,0
3e93d565591965b91869e9e41026a8d8,user,0
af58665f4c763025dc80928cb3dc85e4,user,0
c881b2f02668974f2e6586938fb9649e,user,0
8e2982b559e5bcffe16eb0f686eba7ac,user,0
52ae47a7d6db2dda5641ab1ccf4f32a6,supplier,0.7272539732679767
af5b03a0aea4d925de5ac30e4dcf69a6,designer,0.23021753214435378
26b86ee8104030c2a3032ea445a4e370,user,0
4baaa1e32b91ba509d4d5d5c5ab27fe4,user,0
68d9ab86c1c7cb2c53b4bafadef39755,supplier,0.5641594365140166
fa762879d606f9231208a38534c6a8c5,user,0
bf4582a5e4c3f8c1793818f640a32a80,supplier,0.48896775013778865
6820a2374129463d2102b15bdc2b3093,designer,0.02960596402206095
90a584fb8e3110762b3e492ba70d2079,user,0
630edf7decdfa4df63a3d21f8607390e,user,0
0c5f2c7889aad869d160b3047831b7de,user,0
63e10d599429d71d4fccb4acdda7481e,user,0
2025923774b38df6e8cecf2cc073d851,user,0
c899d8f1df9fe438b1e446e64af7feb5,user,0
b085e103f7eee7b9272efd5d12b1d25a,user,0
0319fd7a79e73fb173aedeb95dabecd4,user,0
ed31310957ba45d3e2dce0845d2ad1e9,designer,0.9934091807664863
88bbcbf7c8b189664fe11cb0ac45697f,user,0
c2c50fd846970032c8aa89ee7939067c,user,0
f76e61584d4e07cca9b649a7141df559,user,0
dd45a6ea3399afa25265ac8b0748a366,user,0
3caf5c1a828eb9a65283ad34e955cc06,user,0
721ac00d161576eab56e7ca7ca8a1452,user,0
dcd3c5497d76d5bb2a425c9e9bb2e1bd,user,0
363cd5a30e91e494935ec621208aa77e,user,0
a40044839e7d83f015ad64d292cace87,user,0
10eeceb2a90d082db19c2d1ac03b65f0,user,0
826428cae0db1f0be5283e8b87a2f7cd,user,0
7a95476910d220d57925d562ddea3316,user,0
3e7c3108d5b9d2278178c05195cf00f1,user,0
abf8fdf8be7908dc71b3b36f254235d9,user,0
eb0b797931f836c53eee3a7e40750b51,user,0
3fa306fa59bc3ec8563d059d1d3eb2d4,user,0
093e17917d711a7f193fa8acb3e0925b,user,0
3f4c8ba0aa2f209fdeba6117b7378062,user,0
620f9adc08dccebc9e1ae754d942ee78,user,0
c14283ab5445b3a9757b7093050b4023,user,0
01baf58b91d1417b913086b075247628,user,0
79acff157550acfa076f428f83fdf15c,user,0
47e8939e4823b8d2939af8643622d7f5,user,0
640e99907ffbd44ed498bc2d8a72e541,user,0
5cc3c62a11f506124eaa72082a9a891e,supplier,0.8780353071059572
d78071a3d48314688835bcc36afa8fc6,user,0
8f4d487427f52e00bf0d71f0aa199561,user,0
9d5b1ff054fe51ac3d483536cc9f1a8c,user,0
15423b396b8eb5870628e09c1d8e985a,user,0
f309663ba7242343f1d03cba981bbf3c,supplier,0.7818468966264182
90fbd2904a425667aa4d7e4fd91412d7,user,0
912f519a9a9287e4fe9a5f987d6cb9ed,user,0
40de478ea954820796b49efc4c89325e,user,0
7394ed7c77bf53dea6319ceb2181f4e7,user,0
a6e2b47227a129b843b85e8f8100489d,user,0
fb072c8bb74eb5d3f3ba34014673dde6,user,0
4522610cdb5007773ae460e7ff862b85,user,0
f9007c8209294492fc063a3892eeb354,user,0
6227050ae60cbf8615334056b3a6e795,user,0
18a7917edb3cbd3710e3eaebd0b81aff,user,0
30c6960840c9952572570d18c8084788,user,0
6e94ddb001d0770fb3e92e45a716e035,designer,0.7268086312769946
b33bea48a24177d21c62084c77d183b4,user,0
3a686ecb602da02068aa9a9294305186,user,0
e2d713f660c0045545a13ca4e9affb24,user,0
9f73a8a32a2d3a934d8ddce2f603c01b,user,0
4536c4835fb2aafcf1942e8ce6fcf276,user,0
5853604b3357db6789162900811e6698,user,0
c578fae9ec38dde221cea76c84b02d8d,designer,0.5333873876969508
3c13303597f08c04b827aa1182524bd4,user,0
a9a196515230c742c9fe54c9ef48f21e,user,0
cfbc2bbdbb093dba9ed4de54b9bc8348,user,0
b6b9f5b2186e7afb7e7b29075de7f87e,user,0
9ffa797f0d1b3da04ba19080744eecb1,user,0
a5d79c2d67346508e3f3a9e4839b9897,user,0
791f930b87664b09afeae34eb2312e47,user,0
0bbec92dad523d18eda8e9212d6f1898,user,0
011f3a6bf069987565100e03b26c507f,user,0
6f511de9142bab0627cf45c35d932a96,user,0
13490d9d582a9282e42c292fe100c33f,user,0
3220a45328fbb1eb924d7904ddb0b5ed,user,0
f05a09b271ed40a3430253fbb4ed0ee3,user,0
d91ef2799cacdcafb7b35c8abbd8e751,user,0
484388e8a1d1ea53c6fde882643fa161,user,0
079b3579d0e8eef9351bcaa07af1198d,user,0
a4b2f78e6887dac68806cf03f85f8816,user,0
6fc40dab88451a0c7dfc4dc8c8f97757,user,0
acefdbccbf35afb003868b31e8cb0aef,user,0
bb072eab61d931ad64af01553990e20c,designer,0.9894978788721488
d1a8d0624a6a2aa1ff87d09399654206,user,0
5a70359719f5ca3c696c0314803ddc9e,user,0
28dc885613811f4c0f33992708b1d5b2,user,0
ce44201626e19827c5e0db92516cfb4d,user,0
0b6c6970c933b7c7f416bd8ff5a92790,supplier,0.5606500959267664
e8c4f53517bb79b7066e49e06d34d274,designer,0.6288994926472226
5e10c66e40f828d4ea2d2668c36fb87e,user,0
a85c0179f4b556872901eb64d0e228e5,user,0
289a3783a0c843825610806ee6325078,user,0
1c48d31dfe689b1ada43ea5f50487ef9,user,0
254f4a60eafef1358f57cf68aa07627d,user,0
35d5004b5486e89a996f1267f075a35a,user,0
f14fec4cd9b18f0574a7f7cd5f4731f1,user,0
5572cfcbf857a749bc094b5a04cdc453,user,0
2194aa24fad1c72bd5e9c0f694fa469d,user,0
236f434e083f65af4f39a97774e7a7de,user,0
a4da5f32329e78ba26306f7a337bdfa9,user,0
e3861f09fe2b0505302d77fdaab06d2a,user,0
29a034afe0c698673d928e96ec155687,user,0
e211c5e43fae361f9ac3a8c0b492f327,user,0
69a431cf293ca26a9eff8ff0e0c593c6,user,0
f7a5346ff913e23d725d034fdb9458c0,user,0
6666d3bb312dfc6d7912299c923bfd5d,user,0
da4f1944bad70e5270bf210401512187,user,0
1dcb687fc6d21f5ef2a2ebd5a23257aa,user,0
b7fb10ad5bec9686ca306183bfc104c6,user,0
689cb9b294f95886e8d10f3ae23dae6d,user,0
5325ece4479111374a45d15649354693,user,0
8b0913e3dc842477963941367ab0e7a6,user,0
b6a2314aa98ed0a34a80b63642582c2c,user,0
4394f7d81a03076e2c50995059056dd2,user,0
7b972021ec2a18755b0d6ece7a18a4ff,user,0
20ddefa529935823ede0fa49109f70e5,designer,0.7359573339413186
f2af520b01e290f43db3279c4aa21d9f,user,0
1d79a7720d3d4702c22082227a5d5e6e,user,0
e5e57844a925a6ca21e0fb6389de3f7c,user,0
42247916d6d42606e0360eb257ed8ef7,user,0
cd8e6511408ead8299346a43361ed76b,user,0
38bb61c54da7d14785df66d111fbaa6b,user,0
844f5f4f9dff1085260f7245233de078,user,0
6ce4fca30b8dad509a76c72a78f1a101,user,0
30e0a3d4edc7553167b126e5fa028a47,user,0
6d2ecb84897319d634afe63c7520c245,user,0
b71579568c498e1692f35595063fa87a,user,0
5b395340741807fe31beb8a70246be3b,user,0
9857117e94b7c57fc140d0825970eed1,user,0
2a1b884aa01d1cdac978fcba4a235584,user,0
b2e6f8adf77dffba83c9e06f352b94e7,user,0
edc5b805b84f6e61055d159a766ede2e,user,0
e54594e6a20fe376be0351959e351f66,user,0
167803277ea13f5820cca822d681a036,user,0
e382c5655d65516849591af6524ec426,user,0
03c6567fce1f73e6e50e181f2ff6a0c0,designer,0.6733167640133477
4de1eed02b106204598a2f39a3592182,user,0
8da379462c3a5cb7651d02e2894a1f91,user,0
107ff783721a94c2ea19c27aebee2f73,user,0
2e5dfaefb173869ae6b96a75c81a5c46,designer,0.8469885203688975
dd20ca74568eff8830963b2f22baaf1f,user,0
24493b1bcd6c51a6233d917bad02b6c7,user,0
3b9a966b69007ea80a68b92ffa0267ef,user,0
3e847389742d4e15c0c28398cf58de94,user,0
dccddac8e6a4a6f1e7186958f1acf6a8,user,0
078370b613d20574b288852b4dc3ceae,user,0
90cdfddcece210efa58931465a908043,user,0
10422e7623f0ebaa798590e8ab2fb7f4,user,0
0792ddc0c37a30624b792aa0807a6e85,user,0
b478f40b85c41d574455f1c9d9d9eaba,user,0
f20792cbb6933ec5a1ad18b0542a5494,user,0
1a31d0eded1151101e9ac622b0d1d2da,user,0
b35fa11a8ec62810ac3625c35a8099d9,user,0
74523cbde2a3d6d3c6d2e86ba095717d,user,0
5d20554eedd210897ab75aad5d99579b,user,0
af0787a3c1672897fc37f6da2709791f,user,0
6f65cd9342531b030d7931f6a48cbbe9,user,0
1a0adfecd2e13fdb0d7246253f299538,user,0
d75e820a3dfd143e9cff072bd218a08a,user,0
a3398ca91457c918f1d87d530a30d911,user,0
ab1977306a62d281e5bed32011363ba4,user,0
3e0e66fb2fecbbfcc3cbf2478fa8eaad,user,0
fb7df4b0a187722a46a8cc1e6760cf3a,user,0
290aa50af9a3316a268003e3139424d0,supplier,0.8088158446518103
3783d77a8fcd3c868c85a179c6631243,user,0
a778dd62286d796db3d4f49733de830f,user,0
ef7d0c2c9758751184ce9c5aa0e87422,user,0
ea8d0b67c728ceacffc2dc1f2c7f51cc,user,0
e9cacb9bae2ec76ef7eaadde01971feb,user,0
e8011af3e92f3c1877a6808c1bba12ac,designer,0.6001084146195029
b7f11ec8e819d0241a9012f80f5a54d3,user,0
dd6bf42b168f91c10caef78a27c52d91,user,0
5fddf96185dc6972528279ad5cec9b6e,user,0
0a78c3ca7ac1b23a2c80b2f0e9c61e8c,user,0
4f101dfaa6edb361c0556e6c86dd2db2,user,0
adc788c719eaa3edab2d196d1bb2f44c,user,0
809c3a2b40fbb67a9215a651a8ca5130,user,0
02aa930c48cf75ba5ef5bd7b399a0f14,user,0
ab2c41ad648e71fd7a6d7536bfca75f5,user,0
f988cec6a96310f4af10c79fea6e17eb,user,0
d2b71a2f38940a87e8bead627c3788d6,user,0
2e7214e74607d4093fb954fbd6939081,user,0
66980776854cc05600a3e58f2c879d54,user,0
82ee2e437e1192568bb7b7b0059bccd1,user,0
43ac3b5fc8b60918dfe848682de43447,user,0
dbb171368a2309cf3d6e28a521806339,user,0
13b59b49e158003a1f6cb8e77bf3019d,user,0
8734814079c8bfe0c14e6070584fc639,user,0
c6209798d06afc3fea20bcf5c5a7fb8a,user,0
b1e141b32092fd074668bc535eb466a4,user,0
668218f423d8fe159e74675822377f05,user,0
4465c9827750647ed9198f772269bb9a,user,0
f1109005bee52414645c50a48929696b,user,0
35935e01f77dcbba231168ef7e9e7726,user,0
09c0ed0062f96e06e731f2677e166b81,user,0
f434481b727e985ce99674102c2806ca,user,0
133902b065be5e61225401742969f15e,user,0
b63b5c56cd7f0267d3878e1e2d68381f,user,0
51a1548730646c44659c53e06ba7fb6f,user,0
7a8284e7ddc1e3d97fa81a110eff40ee,user,0
b95b1dfe1dfef6c1a5042510f9277ecc,user,0
576fff8d06dd3bf4cefbf4dd0e9886a4,user,0
c4ffd85aa622fb5de44cd08397cec929,user,0
0d20b5a92b400d1641e94fceca427738,user,0
4275c226be690fb9e96c21054a467774,user,0
a9a7f2e4a8cfb8022d380d4cf0a518df,user,0
e8c99800f83dcbdb4668b52370f1f929,user,0
6f7083e1cfb51d4db4181b2dbf549b1f,user,0
ec07cb8c61c6e68f4aae8c3ff914ed32,user,0
8e3091627aeb3585efa11ae06c4922e6,user,0
c01ffbd3f92bf90dbbcf96fee86b7468,user,0
e8ce9b880d0b40f430529cf9fc46e1dc,supplier,0.8307229038927411
7f26f799c4f2c8d80170fe742d329a41,user,0
7dddb08341eee17659d2dc198d623654,supplier,0.7189997853066772
6aad89f2750dc5d8b752171ba778d469,supplier,0.2821373304683559
a5d99bab01aca8611ac43193aa445969,user,0
4646c1d8d3cb29e7a5e7b1da23f2431a,supplier,0.521223109473045
3cd2738803ea4df08a4b505f7a1cdde0,user,0
929d2a98ee0c71a5c4520942032f645a,user,0
36799bdc359ccaa5f990a00bfad19430,user,0
67ccbc9530ee98118c5a2fe625b67d1b,designer,0.5113881370188812
edff35f2949ef6d0dc31593b381e2f11,user,0
5f0460992acadff5ffb38653f369f9ed,user,0
f45e425bc664eb9a2bbd52bff3149efa,user,0
9f3010c67cc775642755fbc3537514f4,user,0
ac85f49167ee0b9d37b55192c67d8d5e,user,0
cac78a17c2617236771179a4337cc4ad,user,0
9ee68c61903ed970ed2470d1c6d28682,user,0
50f7780f4c89319d918fa28871fb060d,user,0
22c5242961d19dd1b5565a01c0b3b0f0,user,0
ce374c9a3eecd06b2d458da466b6ce48,user,0
5e5e191217c030ce6ee51fc61e13ea35,user,0
6c49d8aad3c1fd3d649853904116e15f,user,0
a779eaa7b28a4eac8dfc1069cd76084d,user,0
88eca28c46302bb0c5efc4e78a4cc0a7,designer,0.5085779216885217
a8e088135de0427298aca2dac2b38829,user,0
5a88f22e639ec305f6b50c5badb3d738,user,0
d565d3c74e0281e7b3e28a4e696cc0d9,user,0
172955d11432e02a9dd95416efda5bca,user,0
a1c48772e3c780f68ae17d80045bea1e,user,0
ff722c990a3948c31e932c647191aa8b,user,0
0cef5fa101649b6e1b83cb58fe821406,user,0
e775e737e2dc96efa62f7b6c5c81cf8d,user,0
e3a5812d0abc7edc1deb63cd95a181f0,supplier,0.4091480024793707
a334463bf0bae0002891746a97315734,supplier,0.7297265629054296
df6656add21cee2b2ef5af1c80d3ed5e,user,0
9c9bdc6ebe672562b47bca8e1630efe3,user,0
3e280ce67991c53ad0705fffa9422b26,user,0
31b67a0783a4ef666c7cdac536bb4c46,designer,0.3810504906484733
cf79a0504e71e027efb7f41419a2ece9,user,0
df806c0e481f1d4111254dccdaf23b06,user,0
4c544097a4772c527069881b2f8db914,user,0
f9b2402ced38072003baf99d051c3e0d,user,0
aee5553965f7ff355da6b8927a3b45d4,user,0
3154bcda9f21acd070828611226fe1c6,user,0
8bc333188d51e9ad7dee775754ce0d73,user,0
a99c37df193a134cff1b192bf2268fc9,user,0
17e66495782cf6256a27e853f3f40bf9,user,0
58afc91b9363cdfbecb7fa615db216f6,user,0
ca0f0bfc025ae890fe0d7005bb8f067d,user,0
c3537e532589946fffd9074e4ca76f34,user,0
19a65445fc19bc7fff95e394e9befb1d,user,0
dbe06ca835cddade9fdf090535d0af9b,user,0
872313c5fb9d1aae8d969ab55dfa82c7,user,0
8c4bed8cb58f09e9429cb7e5b4a9dba8,user,0
39e07ff29061a0a776356fc5519fc42f,user,0
8c9e53069a84c9bfc39c97179df4f2fb,user,0
370602a53cbd0793a6491ee23f9aa089,user,0
d423f6977f5cc8366a7c8129bfcd630b,user,0
87a63a2a554fdbe10c72d5ba5400ba98,supplier,0.5094936523179108
6ac7e0577fa9248a22b31a4649b76645,user,0
2392a1171858298fb25602797676cacc,user,0
865896edc648b6cf70b95ba5ee108430,user,0
46cb12dbc6a67e768c8ffcc88fb08e5c,user,0
3cd3f156e0be243fb5e5c2a852fe1101,user,0
94b5b7974df08b1d627a60a7e003a502,user,0
0667b9e09fdcaa741d37efd919a67909,user,0
1f17be691a6bbe9779581182423fca6b,user,0
0b52b6adb08e497d227051c4f9c259fc,user,0
a3a253a9b71190f45cccee016d4b5330,user,0
8cd8caa346594877b2a01c01f86ba373,user,0
59556d43698d1f68afd49ef05e0f9f7d,user,0
ff8873c48f21f42e13753c581e0c8516,user,0
e2f195be8e2e162cc1c93d90a611362d,supplier,0.9817637581075287
d207c32b5d1f9c50f5237aa2ade78d14,user,0
8aa0c938a9e5370efb82622429dd4986,designer,0.7780642561244177
49478e36403f168db8544d07cfa1f483,user,0
958c7b50b1f05269eff976daa3d22d8b,user,0
96f6f88cebc3e2e16af58374c3d582e8,user,0
ca2bca8fbebccbd66b3df08fd10849e5,user,0
acdadc3d57bef6929ad0409e008ab090,user,0
915adcfa67054640367a344a7a7c87a3,user,0
1d434a3536a69ac390ee0b964630b32b,user,0
5f45cdb4804d0a5a864cdbb994a53ab9,supplier,0.6918341117249845
556d3ac264b80f1dadbb29857829bcfc,user,0
47f2abe55e47904f4e9669bcd92ff258,user,0
237a674fc3c3bb8e76e38d10efea3cb6,user,0
f830bc0be2b9ed5fa4d994046f64cb02,designer,0.9334215366528837
6457bfb20a9f56f5bc2fad1dca0f8b89,user,0
cee1a427bbf6cca7cf2caba78b923b2b,user,0
f15b20a2ecd6d505cc99eebbb8599bed,supplier,0.8727804354835242
10da7cb80d059a26de2ba7c8ce964a09,user,0
495a7e0da0a4da78bff697ba8db08867,supplier,0.42246883188886064
f4a2580a51d2384a07e9bacbed23fc47,user,0
53c607db23ad19ab727fc53813e10947,user,0
f5c230be14a5114299f12533f56fe94c,designer,0.7349963661632809
229530889237d6f4269eb2a591e2b02f,supplier,0.992319096790717
d5d26a834fb7df0cea8f427c4d041fdf,user,0
b3c72de9a165e034603a3efec706a6c5,user,0
598c4244fddb4f079f9cb56580304355,user,0
94f639e7253e8150c755299f6fae1122,designer,0.09815765367445826
780afc0628b7c7bda5e5a292cf67abfd,user,0
3919b2ca199b1ec2c1e6905ba0ddc73c,designer,0.6918855853551361
6c03354dbdbc865c8c44c4257a5f0739,user,0
9ec172fd6f425b98e10bd6d79f6cae05,user,0
3acc6b63a59825a5a0bd19a0b820aa11,user,0
bf4624b5b5d222877b548c61bdc15209,user,0
a3038945b960b433810ea23bc20a2d44,user,0
b67a3ff803c0e32bded1089d25595b12,user,0
74bd699e5376bd119a3dc4a86c22efb9,user,0
c0e3beafcdc4027575b42168a240f3af,supplier,0.7198639114382652
37b27a7cec5cd38cbdf79055d9f8cf02,user,0
62f134343d1c0bb977e60cd652b80d10,user,0
132bb5b5fd13960beaefe7e70de9019f,user,0
ff9a31969ae4ebcafa224c147e676146,user,0
fdfad86a2f3af01b0641ddddf1e60f06,user,0
0c7859b6b607fa56c825c481be53733e,user,0
1ffcbbd55386d792ac85e2a1f800db49,user,0
a593fd24350c0b5c8770d35971280ffb,user,0
d021b8e90926c6b4b941db096922431c,user,0
4e5698cd99a94bc9cfe2b52a815b555f,supplier,0.9404155562977647
68cc678c33122e0d48bbe0e2dc43699b,user,0
828fa5b74d002cdbc766ea8db12c1373,user,0
de7117081cef6cf8d636a5e328a1f61b,user,0
ecc1477f565f7b654656f7b7879e5966,user,0
560479ab638a667383a41148e5efdcfd,user,0
3d6ce3ce3fd00e7da7257575f0929b87,user,0
c80f0ef6d6431e7a7cfacbea3ddd9be1,user,0
cdb0d272eb9634fe347032181e416821,designer,0.33449177039634953
6f003bdf3ffcb84c259b5a14298b1bec,user,0
2ab3fd1e0d56d70b59eeb70dfcb9162b,user,0
f4ad67b3fa0f4149e967f7329cd83b83,user,0
2050d1718ed59968d3350e13b681a06c,user,0
7241b528cf690bfbb38976d68432221c,user,0
dbafd0acc20d66458f3dce1f353da22c,user,0
0b6566271899caf8d708c00a3401f2e8,user,0
d025061a7c8cca68bc5a17c9bedcc169,designer,0.4628544884766862
354814950cb2f6c895d586498b988747,user,0
ccfd26b034ec62d9e7aef5a56ce55687,user,0
3efece058b2d12e40f47c6e72561fecf,user,0
773e0482a41eb808090537e605abbbb7,user,0
ce2cfcf9b6dfce1cae6ac6cb4c2e4380,user,0
83a06040f8cfb20f6c7de5ba1ddc1955,user,0
1f20d03902cb61c0c56db7f68fe4033a,user,0
ea3c09fec06b196d9516a38862723640,user,0
bd5bc1d0287e31b6b0188c8fb727fee9,user,0
7bfe0780cfae71c4c27af09ba7831385,user,0
2754f0721d800918b542f0edc080d8e7,user,0
d5e1be67c0c49e076dc2e31c6f2a19f7,user,0
9f31ddf25c36a8aa167ba1ada9b61844,user,0
7fdc99047fe07f783526dcdb6c14bd42,user,0
3088a2c663af4e192899ad15fb0abcac,user,0
4333d56daa239a6fd6aaf55fd8b55382,designer,0.5545142013350524
f12a27cb92d7bdaf6d935430c25d1aa0,user,0
8e864366ac6c4a64712166edcc6f0308,user,0
27a935bcf2f2c81c6e52e0f0d2682243,user,0
2071d228d38e960f73621488f2d07561,user,0
ecdd58a4c8ebd2168a7c7abdb73ad38d,user,0
4fe0c3eb421b8167b39716d4087cd8ca,user,0
d11886c0cef169e0d859022503b3728f,user,0
ecc8515e41797f986c526e7e8ee277cb,user,0
44f5f82d7275af1e0f5ea9e0e1dbe991,user,0
8c6ac73d6d77ffdcf85403feaadec200,user,0
60aaefe707c3c6f0695e4c3866a84b0c,designer,0.9795502331602117
0d8ce8dc3d9d4582eebd64bc26cba9fe,supplier,0.9776048688695465
692065b78a7a8d2a0b73ac3e5efc5155,user,0
6e733419921aa94768345e2a4be73685,user,0
17900d47c02ce058e82ab428b8c57b59,user,0
7dcce2aa58fc11b10a5cb8c09116fe5d,designer,0.3971024504581129
9cf73b07919cddc40f23b18b5ba02db6,user,0
5da2ca93981e057687f04b37f36166cd,user,0
5e214c3517a16e4666c83341046437b7,user,0
d7129ad81e847353a2161bf2f2f66f2e,user,0
7e10a5a0087f998d8762609e60c5e19c,user,0
d948a5218c37db2b550170bccf5a38e4,user,0
da839dcda8ce1af1c8811198a16a3664,user,0
ecce22ff6aac53f98950cd68c8bd86b8,user,0
d32bc427a95eed2b7750626caae211aa,user,0
5a9eefbca0e753d131f4c89a30df73ec,user,0
07abd40bfb003351439233830606db02,user,0
adfb06da14e83ef6a1ed76c7c53f0f63,user,0
71c853248a8ad5a14518a3a61280ed5d,user,0
01644d49d5c2ed8a33e90c4e338436d0,user,0
9fb603ead1ef94f89de499452d968918,user,0
b9f657a5191f722f87b498712d96ed5e,user,0
c78507062c04722c35c4bbce98c010b2,user,0
63557cc7122a2d3e2b8ef4ce3d8927f1,user,0
d44a09997a1a83425e07c23032f7d330,user,0
5bed2fe2aa35e643c0eff195891b5734,user,0
8b555aeec03528311d4703fe816935de,user,0
0feb4d888c7bda06ef48d148f4df6859,user,0
d503832ab7a4d3c5fcb0ceaf0ee79873,user,0
e1f0a71b20b2b7177a02e202a37cc393,user,0
eec96eb38d11e831b2a67fedc0ff768a,user,0
56334d56ae3d16c2c56fb28b462e1156,user,0
f4e762e9746d6f78357e5e1d6dd06111,user,0
ac51503612a98f4ad21f638ae95a9e0e,designer,0.5059103627080471
37c18a64237936b54a76602b1d255dc1,user,0
1b4956e5883bcd10efb873029ddf4abb,user,0
b20ee83760a94f76999aab46ddeae7b9,user,0
e5e8003175079f2f0c055299c751d8da,user,0
b7ba9f45417f3ce7578073842a036509,user,0
5d9956b4270f01ceb7772ccb0eac9ac7,user,0
f9fcb99e3d85fc7aa44af45d4500e6b5,user,0
31086550d54906bbb7a33e1b16d2e51e,user,0
ab0b910a17138fbfbb46b7704d1d2036,user,0
e04683757102d3cdc89c225863cd5e7a,user,0
7d2fefd9072947ecc67004a9b1e1f578,user,0
98ced258c2f51e8323d9c7e184632413,user,0
f7ed3961863faeddabd310a517aa08e4,user,0
8734d382616594f352c6f64c3e302ffe,user,0
c85b7a5ed66525a883f19f0d5ea06977,user,0
3576e69ab1c888960997fd90ac4f4181,user,0
25d012952e71f92092925b6f4e481116,user,0
0224a78890d9490ae3f23501ffd2e033,user,0
56bb8ce505aebe15011fc7c6c165ea66,user,0
6937608db5e59cd7d9d81c5c94bbb372,user,0
06271011bd341ff492e1d9def01b07a6,user,0
9099ea0e846bb2d252ddaec832159398,user,0
860360a737e655c803787e65c5f63657,user,0
dc526702151cb2eab14ecb3e8586d26e,user,0
c4b246c813b2b8e7d2cf2d11ee82939b,user,0
25cc98cfb1aceb76d59ed2c46948ad0c,user,0
ec501a64cf1e820b5c3dfb5f38a7cc9a,designer,0.4694374643161578
f290589e7fe56672733ea827e11192a8,user,0
e2aa5a3605045cb353fccaf729c9af44,user,0
ea1fad71af64e3584170c68ea5bd51df,supplier,0.5139287168731744
dd52f2a364a257f28c1bf6d702292e29,user,0
c13c1ad604402074c3d36354d99c58f6,user,0
05efb82727f619e2980a983ec530753d,user,0
b104c54a205750b11f43086d148bf0c0,user,0
9e17bef678a7e4afa620d3d5fc3b0d93,user,0
c82f9ecedf9d4438eed642129017b3a5,user,0
13cf3caecc5cb4a16072822afd631899,user,0
f6fd4b3af4cf18406cf4bb220e11b530,user,0
c838ffcc34bbef21df83661957423267,user,0
3b146a5a30fdc0b9fce5e9aadd233b03,user,0
c56b065ff0fb1e2bfd2338e188a165d9,user,0
ea890e858aad24e64587ef4b528513fd,user,0
45dc0fa07ea045ea70656f45b1ec771f,user,0
32d5725cd0e6e70f948ddc8f327b66d5,user,0
cdedfecea46d74bc20172d223c48a922,user,0
cae6eb0b56f4251e9f2bbb7e959129db,user,0
78931d804788efdde7cc509ee02b0d95,designer,0.4419326359040876
da70f11a1500a51dfbb4b3e13b18b959,supplier,0.441832618217811
d58bb4fe57bef59ab671f004fbcefde5,user,0
e9bba1f6f655e178446f4f0dd77098af,user,0
2da4cb287c12aee128c9df457620419f,user,0
956376494f13772154e0a85d796f49d3,user,0
8f983237facba051b4797d9c33d2b320,user,0
d5cf989d64bae5cf0ad6d145a1f57b9f,user,0
79f95c220050078923586283245dd6b1,user,0
6ea635d9aa3d39c0818aa9f1f349cb5e,designer,0.5192818408433368
a45823531b642300b156dd8f29b9cfe7,user,0
693c55e6f15527585763b246a4cb74b2,user,0
99b152ea902f154555976bfd822a386f,user,0
0db1754aae035cbcf8e7191a6a471ca6,user,0
00f93cd141f7fe7a5292ef48c5c38d3f,user,0
84f7a37e1095f276d603fba9a34751e9,user,0
7583a2b7f541e8400999fa87191a9b77,user,0
0d38451681e663abef489b5ab1feab20,user,0
d5a4d5cebfc6e8ed5a365fddb92cf697,user,0
896df195aa290ede28d4e4816223c2c0,user,0
3060d7731c802739a7e6a6e1f154bbff,user,0
5b49c969bc09162eb55d598a06e08d99,user,0
85df12e514a11fca4bcf77255d20ad3d,user,0
78aa3488ee7d0fe6f2b9b2a0891a2b1e,user,0
eeb3e3c45aafc06a976a553e795edbbc,user,0
554640c2ed5c429aa45d687b0f9083e3,user,0
a86122f8cab70697ffaaceef9f0448b2,user,0
2662d913a30f82c973d1dbd90c5ef41b,user,0
7f696fe0a86aca36a29b06238e63c0e1,user,0
605de2ad88667dfb7eb9f5592d9e543f,user,0
7c671fb84dc7dd4fce24f47e72377f9f,user,0
156a81de5849ee28d238172ca7db2837,user,0
d9bf40299bdf8b736ca1b8b53f1c4471,user,0
161c10b6193f2faa9a09d2862cf1faba,user,0
3e8929807221a34d80c59571ed47020d,user,0
1bac39ec2da92f0c2f1f0caffeba0e1c,user,0
76b2e64cfc1c5f8dd73b02baa96a3e7f,user,0
94da4220afd8de7dffc4ea0e7b5cdd94,user,0
9c7e2c5d4eeb0a61aa23162abfbf8e7d,user,0
2fad03e1f9b517125bf22d24b7a64363,user,0
76bb20990dcea5c0e579c5cb8e8e0ba8,user,0
66c5b36d07b291e3878472eea87099dc,user,0
30ab39c5fd73c66fdfb939416ae6dcd7,user,0
66524198d55aa92ce90044c2ab085c6e,user,0
6d1d0565153de26b29b72b1c4bae9ad9,user,0
747be9ad1c2857eef1a26daac14903eb,user,0
